title,price,rating,review_count,image_url,product_url,category
"Four Legged Raincoat (Medium, Blue)","2,000.",3.1,7 ratings,https://m.media-amazon.com/images/I/61MZpzvM7xL._SL1200_.jpg,https://www.amazon.in/Four-Legged-RainCoat-medium-blue/dp/B072TK4Q3Y,Price: High to Low
"ZEEL Rain Coat for Men Waterproof for Bike Riders with Adjustable Hood along with inner pockets,Waterproof Double Layered Rainwear Suit with Polyester Jacket,Pants and Carrying Pouch,ZT5","1,999",3.7,"2,036 ratings",https://m.media-amazon.com/images/I/516n50yC6UL._SL1500_.jpg,https://www.amazon.in/ZEEL-Waterproof-Resistant-Polyester-Adjustable/dp/B0922HPMJ5,Price: High to Low
"ZEEL Rain Coat for Women Waterproof with Adjustable Hood, Rainwear Suit with Polyester Jacket and Pants for Ladies, AZ11 Violet M","1,999",3.6,14 ratings,https://m.media-amazon.com/images/I/41Gm+58tpQL._SX522_.jpg,https://www.amazon.in/Waterproof-Adjustable-Rainwear-Polyester-Jacket/dp/B0D4ZD6KBY,Price: High to Low
HACER Reusable 100% Air & Waterproof Unisex Raincoat Imported Seam Sealed Snow Suit Windcheater Rain Jacket Transparent Face Shield & Detachable Hood for Bikers Hiking Traveling,"1,999",4.1,9 ratings,https://m.media-amazon.com/images/I/61X9YLFRZqL._SL1500_.jpg,https://www.amazon.in/HACER-Reusable-Waterproof-Raincoat-Size-XXL/dp/B0C58BWWQY,Price: High to Low
"Unisex Disposable Rain Card | Smallest Pocket Size Waterproof Emergency Raincoat | Lightweight Pocket Rainwear for Men, Women, Travel, Biking, Hiking & Outdoor Use, Pack of 24","1,999",,,https://m.media-amazon.com/images/I/61J7018BU+L._SL1200_.jpg,https://www.amazon.in/Disposable-Smallest-Waterproof-Emergency-Lightweight/dp/B0F73SVP1V,Price: High to Low
"Unisex Disposable Rain Card | Smallest Pocket Size Waterproof Emergency Raincoat | Lightweight Pocket Rainwear for Men, Women, Travel, Biking, Hiking & Outdoor Use 70 pc","1,999",,,https://m.media-amazon.com/images/I/61J7018BU+L._SL1200_.jpg,https://www.amazon.in/Disposable-Smallest-Waterproof-Emergency-Lightweight/dp/B0F6LQ81W1,Price: High to Low
"The Clownfish by STRAUSS Road Rider Men's Waterproof Raincoat Polyester Double Coating Reversible Rain Suit with Hood & Inner Mobile Pocket. Set of Top &Bottom. Printed Pouch (Navy Blue, X-Large)","1,999.",,,https://m.media-amazon.com/images/I/61axTg-SKkL._SL1500_.jpg,https://www.amazon.in/Clownfish-STRAUSS-Waterproof-Polyester-Reversible/dp/B0D5YPGRNZ,Price: High to Low
Black Raincoat For Summer,"1,999",,,https://m.media-amazon.com/images/I/515XBsUb+sL._SL1080_.jpg,https://www.amazon.in/Generic-Black-Raincoat-For-Summer/dp/B0CVF1243Z,Price: High to Low
Versalis Self Design Men & Women Raincoat-100,"1,999",,,https://m.media-amazon.com/images/I/51z+wdA5tUL._SL1500_.jpg,https://www.amazon.in/Versalis-Self-Design-Women-Raincoat-100/dp/B0C8YWBP5X,Price: High to Low
Versalis Self Design Men & Women Raincoat-103,"1,999",,,https://m.media-amazon.com/images/I/51Nb32MHIJL._SL1500_.jpg,https://www.amazon.in/Versalis-Self-Design-Women-Raincoat-103/dp/B0C8YTR4H2,Price: High to Low
"CLUB SEVENTY TWO Durable Rain Suit for Men and Women - Waterproof Rain Coat and Gear for Climbing, Cycling, Farming, Hiking - Protective Rainwear","1,999",,,https://m.media-amazon.com/images/I/41gsTjRnvhL._SY500_.jpg,https://www.amazon.in/CLUB-SEVENTY-TWO-Durable-Women/dp/B0C2MLYSSH,Price: High to Low
"CLUB SEVENTY TWO Ultra-Lite Rain Suit for Men Women Waterproof Protective Rain Coat (Nylon, 2xl)","1,999",,,https://m.media-amazon.com/images/I/41NwVe26XQL._SY500_.jpg,https://www.amazon.in/CLUB-SEVENTY-TWO-Ultra-Lite-Waterproof/dp/B0BMGKMYBP,Price: High to Low
BOXO Vehicle Raincoat One-piece Raincoat Riding Motorcycle Rain Poncho PVC Raincoat For Adults,"1,997",,,https://m.media-amazon.com/images/I/717TB72iTLL._SL1181_.jpg,https://www.amazon.in/BOXO-Raincoat-Unisex-Double-Waterproof/dp/B0CCNVVRH2,Price: High to Low
Robustt Unisex Raincoat with Hood - Dark Grey (Pack of 5) | Waterproof Rain Poncho | EVA Material | Reusable | Lightweight | Fashionable | Universal Size | Raincoat for Men and Women,"1,995.",3.6,37 ratings,https://m.media-amazon.com/images/I/71eBBjesoqL._SL1500_.jpg,https://www.amazon.in/Robustt-Unisex-Raincoat-Hood-Lightweight/dp/B0D8PXSSTS,Price: High to Low
MERISHOPP® Hoodie Soft woman Jacket Waterproof Rain Coat Outdoor Outwear yellow XXXL|Rain Coat|Waterproof Rain Jacket|Men's Rain Coat|Women's Rain Coat|Kids' Rain Coat|Lightweight Rain Jacket,"1,994",,,https://m.media-amazon.com/images/I/51NoBu55C6L._SL1024_.jpg,https://www.amazon.in/MERISHOPP%C2%AE-Waterproof-Outdoor-Outwear-Lightweight/dp/B0D6N8ZFD2,Price: High to Low
Verbier Unisex Double Layer Outdoor Waterproof Rain Coat Poncho Bike/Motorcycle/Scooter Cycling Poncho Waterproof Cover Hooded Raincoat for Riding Pack of 1,"1,991",599.00,,https://m.media-amazon.com/images/I/51isNfbzpwL._SX569_.jpg,https://www.amazon.in/Verbier-Outdoor-Waterproof-Motorcycle-Raincoat/dp/B0DC66D43L,Price: High to Low
Romano nx Raincoat 100% Waterproof 3 Years Warranty for Men Reversible Double Layer Hooded Bike Rain Jacket Suit Inner Mobile Pocket with Storage Bag,"1,990",3.8,12 ratings,https://m.media-amazon.com/images/I/611Hx68IxvL._SL1080_.jpg,https://www.amazon.in/Romano-Raincoat-Waterproof-Reversible-SI_Men_Rainsuit_navyblue_5XL/dp/B0D6C2DT6J,Price: High to Low
Romano nx Mens Raincoat 100% Waterproof | 3 Years Warranty | Double Layer Hooded Water Resistant Rain Jacket | Pant and Carrying Pouch,"1,990",3.3,322 ratings,https://m.media-amazon.com/images/I/61oyH-Y2jlL._SL1080_.jpg,https://www.amazon.in/Romano-Raincoat-Waterproof-Resistant-rnxii_Men_Rainsuit_champnavy_5XL/dp/B0B3S72WC8,Price: High to Low
THE STYLE SUTRA® Outdoor 3in1 Raincoat Poncho Backpack Rain Cover Tent Mat Waterproof Blue | 1 Piece Raincoat,"1,990.",,,https://m.media-amazon.com/images/I/51Odl3t6UPL._SL1024_.jpg,https://www.amazon.in/STYLE-Outdoor-Raincoat-Backpack-Waterproof/dp/B0DHCQ3YJ1,Price: High to Low
"Rain Coats, Rainwear Windproof Waterproof for Rainy Days for Unisex Adults for Fishing for Camping(Pink)","1,990",,,https://m.media-amazon.com/images/I/512V9LSwFwL._SL1500_.jpg,https://www.amazon.in/Rainwear-Windproof-Waterproof-Fishing-Camping/dp/B09NW47H8B,Price: High to Low
"Rain Coats, Hooded Raincoat Portable with Hood Sleeves for Fishing for Camping for Rainy Days for Unisex Adults(Green)","1,990",,,https://m.media-amazon.com/images/I/415Uer8BUzL._SL1500_.jpg,https://www.amazon.in/Raincoat-Portable-Sleeves-Fishing-Camping/dp/B09LRN96HL,Price: High to Low
"Ubervia® Rain Coats, Raincoat Waterproof Hooded for Fishing for Rainy Days for Camping(Blue)","1,989",,,https://m.media-amazon.com/images/I/51nU7xM0ZqL._SL1500_.jpg,https://www.amazon.in/Ubervia%C2%AE-Raincoat-Waterproof-Fishing-Camping/dp/B0CWZXSZ4G,Price: High to Low
MERISHOPP® Cute Raincoat Children Cartoon Rain Coat Kids Rainwear Waterproof pink L|Rain Coat|Waterproof Rain Jacket|Men's Rain Coat|Women's Rain Coat|Kids' Rain Coat|Lightweight Rain Jacket,"1,988",,,https://m.media-amazon.com/images/I/51K+o0NdspL._SL1024_.jpg,https://www.amazon.in/MERISHOPP%C2%AE-Raincoat-Children-Waterproof-Lightweight/dp/B0D6N6CD3M,Price: High to Low
LICHTS Outdoor 3in1 Raincoat Poncho Backpack Rain Cover Tent Mat Waterproof Blue,"1,972.",,,https://m.media-amazon.com/images/I/51Odl3t6UPL._SL1024_.jpg,https://www.amazon.in/LICHTS-Outdoor-Raincoat-Backpack-Waterproof/dp/B0CLVJ8QMC,Price: High to Low
Meadawgs® Outdoor 3in1 Raincoat Poncho Backpack Rain Cover Tent Mat Waterproof Blue,"1,972.",,,https://m.media-amazon.com/images/I/613WlxjdUHL._SL1024_.jpg,https://www.amazon.in/Meadawgs%C2%AE-Outdoor-Raincoat-Backpack-Waterproof/dp/B0CGD75FSB,Price: High to Low
"Arrow Real Raincoat for Men – Waterproof Bike Rider Rainwear with Adjustable Hood, Reflective Stickers & Textured Durable Fabric | Jacket, Pants & Carrying Pouch","1,970",,,https://m.media-amazon.com/images/I/41g16VFo3rL._SY500_.jpg,https://www.amazon.in/Arrow-Real-Raincoat-Men-ARROW_BKBL_L/dp/B0DZ2LL9WR,Price: High to Low
"BNF Women Raincoat Rainwear Portable Full Rainproof Reusable Rain Coat Pink 2XL | Sporting Goods | Outdoor Sports | Camping & Hiking | Clothing | Other Camping, Hiking Clothing","1,970.",,,https://m.media-amazon.com/images/I/51AV96-sdfL._SL1500_.jpg,https://www.amazon.in/Raincoat-Rainwear-Portable-Rainproof-Reusable/dp/B0DSVY6M69,Price: High to Low
THE STYLE SUTRA® Reusable Raincoat Womens Mens Poncho Quick-Drying Adult Hiking Rainwear 3XL,"1,969",,,https://m.media-amazon.com/images/I/512r3u80ZEL._SL1500_.jpg,https://www.amazon.in/STYLE-Reusable-Raincoat-Quick-Drying-Rainwear/dp/B0DSZWLVFF,Price: High to Low
CLUB BOLLYWOOD Women Raincoat Rainwear Portable Full Body Rainproof Reusable Rain Coat Pink 2XL|Sporting Goods | Outdoor Sports | Camping & Hiking |1 Rain Poncho Raincoat for Women,"1,969",,,https://m.media-amazon.com/images/I/51AV96-sdfL._SL1500_.jpg,https://www.amazon.in/CLUB-BOLLYWOOD-Raincoat-Rainwear-Rainproof/dp/B0DSC39942,Price: High to Low
MERISHOPP®Kids Rain Coat Reusable with Hood Rainwear Rainproof Windbreaker Rain Poncho M|Clothing Shoes & Accessories | Womens Clothing | Coats & Jackets|1 Raincoat,"1,967",,,https://m.media-amazon.com/images/I/614cKKMBdYL._SL1500_.jpg,https://www.amazon.in/MERISHOPP%C2%AEKids-Reusable-Rainproof-Windbreaker-Accessories/dp/B0DSVRQRQK,Price: High to Low
"CLUB BOLLYWOOD® |Rain Poncho with Hood Pullover Portable Reusable Lightweight Riding Raincoat|Clothing, Shoes & Accessories | Mens Clothing | Coats & Jackets|1X Raincoat","1,967.",,,https://m.media-amazon.com/images/I/51GS8m+hBLL._SL1500_.jpg,https://www.amazon.in/CLUB-BOLLYWOOD%C2%AE-Pullover-Lightweight-Accessories/dp/B0DPX4DCVD,Price: High to Low
"Sonic Real Raincoat for Men – Waterproof Bike Rider Rainwear with Adjustable Hood & Reflective Stickers | Textured Polyester Jacket, Pants & Carrying Pouch | Durable Fabric, Zippers & Velcro Closure","1,960",,,https://m.media-amazon.com/images/I/41wa2eLm2NL._SY500_.jpg,https://www.amazon.in/Sonic-Real-Raincoat-Men-Waterproof/dp/B0DZ2N2XGW,Price: High to Low
"bnf Rain Poncho with Hood Pullover Portable Reusable Lightweight Riding Raincoat | Clothing, Shoes & Accessories | Mens Clothing | Coats & Jackets","1,959",,,https://m.media-amazon.com/images/I/51zhaTOqEgL._SL1500_.jpg,https://www.amazon.in/bnf-Pullover-Portable-Lightweight-Accessories/dp/B0DQKZWYN9,Price: High to Low
MYADDICTION Reusable Clear Adult Outdoor Hiking Rain Poncho Raincoat XL Fruit Green 0,"1,955",,,https://m.media-amazon.com/images/I/51c05pOgksL._SL1024_.jpg,https://www.amazon.in/myaddiction-Reusable-Outdoor-Hiking-Raincoat/dp/B0BF5NX3SX,Price: High to Low
CLUB BOLLYWOOD Rain Poncho with Hood and Drawstring Rainwear for Fishing Motorcycle Camping 2XL|Sporting Goods | Outdoor Sports | Camping & Hiking |1 Adults Raincoat,"1,953",,,https://m.media-amazon.com/images/I/51YUDDjk5KL._SL1500_.jpg,https://www.amazon.in/CLUB-BOLLYWOOD-Drawstring-Rainwear-Motorcycle/dp/B0DSC5TV66,Price: High to Low
"CALANDIS™ Women Raincoat Rainwear Portable Full Body Rainproof Reusable Rain Coat Pink 2XL | Camping, Hiking Clothing | Clothing | Camping Hiking | Outdoor Sports","1,953.",,,https://m.media-amazon.com/images/I/51QUGAg1j1L._SL1500_.jpg,https://www.amazon.in/CALANDISTM-Raincoat-Rainwear-Portable-Rainproof/dp/B0DP27MRHC,Price: High to Low
Prince Raincoat for Men's_ MARSHAL SUIT_ Waterproof Pant and Carrying Pouch,"1,949",,,https://m.media-amazon.com/images/I/51-j8DIGvtL._SL1500_.jpg,https://www.amazon.in/Prince-Raincoat-MARSHAL-Waterproof-Carrying/dp/B0CC27651P,Price: High to Low
"CLUB BOLLYWOOD Reusable Raincoat Womens Mens Poncho Quick-Drying Adult Hiking Rainwear 3XL|Clothing, Shoes & Accessories | Mens Clothing | Coats & Jackets|1 Piece Hooded Raincoat","1,948.",,,https://m.media-amazon.com/images/I/51pw2nMJpRL._SL1500_.jpg,https://www.amazon.in/CLUB-BOLLYWOOD-Reusable-Quick-Drying-Accessories/dp/B0DS2F1QS4,Price: High to Low
"MERISHOPP® Reusable Raincoat Womens Mens Poncho Quick-Drying Adult Hiking Rainwear 3XL|Clothing, Shoes & Accessories | Mens Clothing | Coats & Jackets|1 Piece Hooded Raincoat","1,948",,,https://m.media-amazon.com/images/I/51pw2nMJpRL._SL1500_.jpg,https://www.amazon.in/MERISHOPP%C2%AE-Reusable-Raincoat-Quick-Drying-Accessories/dp/B0DL689DL2,Price: High to Low
MERISHOPP® Cute Raincoat Children Cartoon Rain Coat Kids Rainwear Waterproof pink S|Rain Coat|Waterproof Rain Jacket|Men's Rain Coat|Women's Rain Coat|Kids' Rain Coat|Lightweight Rain Jacket,"1,947",,,https://m.media-amazon.com/images/I/51K+o0NdspL._SL1024_.jpg,https://www.amazon.in/MERISHOPP%C2%AE-Raincoat-Children-Waterproof-Lightweight/dp/B0D6MXVLCK,Price: High to Low
CALANDIS™ Rain Poncho with Hood Pullover Portable Reusable Lightweight Riding Raincoat | Coats & Jackets | Mens Clothing,"1,942",,,https://m.media-amazon.com/images/I/5131PeamHrL._SL1500_.jpg,https://www.amazon.in/CALANDISTM-Pullover-Portable-Reusable-Lightweight/dp/B0DV94MVT6,Price: High to Low
Meadawgs® Reusable Hooded Raincoat Packable Rain Cover Folding Raincape Red Star M,"1,940.",,,https://m.media-amazon.com/images/I/710yWkJ3QTL._SL1024_.jpg,https://www.amazon.in/Meadawgs%C2%AE-Reusable-Raincoat-Packable-Raincape/dp/B0CGD6LBLK,Price: High to Low
UJEAVETTE® Reusable Hooded Raincoat Packable Rain Cover Folding Raincape Red Star M,"1,940.",,,https://m.media-amazon.com/images/I/713QRzNWDvL._SL1024_.jpg,https://www.amazon.in/UJEAVETTE-Reusable-Raincoat-Packable-Raincape/dp/B0BZ8GP7MN,Price: High to Low
MERISHOPP® Waterproof Bionic Raincoat Poncho Camping Camoue Yellow | Sporting Goods |Clothing Shoes & Accessories | Coats & Jackets | 1 x Raincoat,"1,937.",,,https://m.media-amazon.com/images/I/71iEOw51WrL._SL1024_.jpg,https://www.amazon.in/MERISHOPP%C2%AE-Waterproof-Raincoat-Sporting-Accessories/dp/B0DWMR7B3F,Price: High to Low
Loom Tree Rain Ponchos Hooded Raincoat Jacket Rainsuit Jacket Outdoor Rain Cover XL,"1,936.",,,https://m.media-amazon.com/images/I/41tyChE9tvL._SL1024_.jpg,https://www.amazon.in/Ponchos-Hooded-Raincoat-Rainsuit-Outdoor/dp/B09ZKXLVK1,Price: High to Low
"Excellent Real Raincoat for Men – Waterproof Bike Rider Rainwear with Adjustable Hood, Reflective Stickers & Textured Polyester Fabric | Full Sleeve Jacket, Pants & Carrying Pouch","1,930",,,https://m.media-amazon.com/images/I/41K9iQbsoqL._SY500_.jpg,https://www.amazon.in/Excellent-Real-Raincoat-Men-EXCELLENT_BK_L/dp/B0DZ2MSSMK,Price: High to Low
Waterproof Bionic Raincoat Poncho Camping Camoue Yellow | Sporting Goods |Clothing Shoes & Accessories | Coats & Jackets | 1 x Raincoat,"1,928",,,https://m.media-amazon.com/images/I/71iEOw51WrL._SL1024_.jpg,https://www.amazon.in/Waterproof-Raincoat-Sporting-Clothing-Accessories/dp/B0DVSQLVJ5,Price: High to Low
LICHTS Rain Ponchos Hooded Raincoat Jacket Rainsuit Jacket Outdoor Rain Cover XL,"1,926",,,https://m.media-amazon.com/images/I/41Pp2QKJY3L._SL1024_.jpg,https://www.amazon.in/LICHTS-Ponchos-Raincoat-Rainsuit-Outdoor/dp/B0CLVHFWC8,Price: High to Low
"ZEEL Rain Coat for Women Waterproof High Neck Polyester Rainwear with Adjustable Drawstring and Pocket, Hooded Long Rain Coat Jacket,ZKL01","1,399",4.4,303 ratings,https://m.media-amazon.com/images/I/51PlRt76kmL._SL1500_.jpg,https://www.amazon.in/ZEEL-Waterproof-Adjustable-Drawstring-Lightweight/dp/B0983SJQL8,Avg. Customer Review
"GUKOY Rain Coat Poncho for Adult, 2 Pack Women Men Reusable Raincoats Emergency with Hood and Drawstring, White+black, One Size",778,4.5,45 ratings,https://m.media-amazon.com/images/I/615O0yY5J3L._SL1500_.jpg,https://www.amazon.in/GUKOY-Reusable-Raincoats-Emergency-Drawstring/dp/B0BW8TPFTR,Avg. Customer Review
Goodluck Women's Doted Skirt Suit Raincoat/Rainwear,"1,249",4.7,17 ratings,https://m.media-amazon.com/images/I/8121MAl-8RL._SL1500_.jpg,https://www.amazon.in/Goodluck-Transparent-Raincoat-Womens-Skart/dp/B071Z6NN2K,Avg. Customer Review
"Goodluck 100% waterproof taping Raincoat/Rainsuit/Rainwear for men, sturdy, reusable, suited for plus size","1,399",4.5,36 ratings,https://m.media-amazon.com/images/I/71RuJsbJFQL._SL1500_.jpg,https://www.amazon.in/Goodluck-waterproof-Raincoat-Rainsuit-Rainwear/dp/B0D4ZBTL1G,Avg. Customer Review
ANLOKE Rain Ponchos for Adults Raincoats (2PACK)– Women and Men Lightweight Rain Poncho Hooded,499,4.4,80 ratings,https://m.media-amazon.com/images/I/71chxxVZMtL._SL1500_.jpg,https://www.amazon.in/ANLOKE-Ponchos-Raincoats-Lightweight-White-2/dp/B0CLR8FPTQ,Avg. Customer Review
"Opret Portable EVA Raincoats for Adults, Reusable Rain Ponchos with Hoods and Sleeves Lightweight Raincoats, 2 Pack",778,4.3,"3,496 ratings",https://m.media-amazon.com/images/I/61453TCqL8L._SL1500_.jpg,https://www.amazon.in/Portable-Raincoats-Opret-Lightweight-Activities/dp/B09W94GS8S,Avg. Customer Review
"Hagon PRO Rain Coat (2 Pack) - EVA Rain Poncho for Women and Men, Reusable Raincoat White",399,4.3,"2,456 ratings",https://m.media-amazon.com/images/I/61-1rowKdIL._SL1500_.jpg,https://www.amazon.in/Hagon-PRO-Rain-Coat-Pack/dp/B07YTXKNP7,Avg. Customer Review
Super Women's Long Waterproof Raincoat With Hood For Ladies (LJ 111-P),799,4.6,17 ratings,https://m.media-amazon.com/images/I/71BWulU80bL._SL1500_.jpg,https://www.amazon.in/Super-Waterproof-Raincoat-LJ-111-Red-2XL/dp/B0C8P5CBSK,Avg. Customer Review
Goodluck Women's Raincoat & Skirt Suit Set,"1,424",4.3,392 ratings,https://m.media-amazon.com/images/I/71Cu36SLQLL._SL1500_.jpg,https://www.amazon.in/Goodluck-Waterproof-Skirt-Womens-Brown/dp/B0B2P8WR1Q,Avg. Customer Review
"YDYJKI Rain Ponchos For Adults Reusable 2 Pcs Raincoats Emergency For Women Men, White-2pcs, One Size",399.,4.6,16 ratings,https://m.media-amazon.com/images/I/710Yjth5o0L._SL1500_.jpg,https://www.amazon.in/YDYJKI-Raincoats-Emergency-Waterproof-Drawstring/dp/B0C1YH8V94,Avg. Customer Review
"Cockatoo RNCT-01 Rain Coat with Pant for Men & Women, Oxford Material Rain Coat for Men & Women Waterproof, NavyBlue","1,423.",5.0,7 ratings,https://m.media-amazon.com/images/I/51Buz7VEOzL._SL1400_.jpg,https://www.amazon.in/Cockatoo-RNCT-01-Material-Waterproof-NavyBlue/dp/B0CPLPHMYY,Avg. Customer Review
"AIDEGER EVA Rain Ponchos for Adults, 2 Pack Reusable Raincoats with Hoods and Sleeves Lightweight Rain Jacket",756,4.4,39 ratings,https://m.media-amazon.com/images/I/610CD9zhihL._SL1500_.jpg,https://www.amazon.in/AIDEGER-Reusable-Raincoats-Lightweight-White-2pack/dp/B0C62XD7VD,Avg. Customer Review
"Super Women's Reversible Waterproof Raincoat Poncho With Hood And Carrying Pouch for Ladies, Free Size (LPON-P1.)",899,4.3,135 ratings,https://m.media-amazon.com/images/I/51L6TwJF96L._SY500_.jpg,https://www.amazon.in/Super-Reversible-Waterproof-LPON-Rose-Black/dp/B0D6RWPPT1,Avg. Customer Review
AllExtreme EVA Raincoats Transparent Reusable Water Resistant with Hood and Sleeves for Women Men Camping Rainy Season Travel,617,4.8,9 ratings,https://m.media-amazon.com/images/I/51OxstxQrqL._SL1500_.jpg,https://www.amazon.in/AllExtreme-Raincoat-Adjustable-Resistant-Reusable/dp/B0BVJ312ZG,Avg. Customer Review
"Opret 2 Pack Portable EVA Raincoats for Adults, Reusable Rain Ponchos with Hoods and Sleeves Lightweight, Perfect for Outdoor Activities, Purple",778,4.3,79 ratings,https://m.media-amazon.com/images/I/61e9avPjdcL._SL1500_.jpg,https://www.amazon.in/Opret-Portable-Raincoats-Lightweight-Activities/dp/B075FL19YS,Avg. Customer Review
"ZEEL Rain Coat for Women Waterproof with Adjustable Hood, Rainwear Suit with Polyester Jacket and Pants for Ladies with Belt, AZ12","1,199",4.3,58 ratings,https://m.media-amazon.com/images/I/410FIPjMt5L._SX522_.jpg,https://www.amazon.in/Waterproof-Adjustable-Rainwear-Polyester-Jacket/dp/B0D53DFLLD,Avg. Customer Review
"BAITEMJIA Rain Ponchos for Adults, Reusable Waterproof Hooded EVA Rain Coats Rain Jackets Rainwear for Women Men, Pack of 2",778,4.3,51 ratings,https://m.media-amazon.com/images/I/61n2x4pMGwL._SL1500_.jpg,https://www.amazon.in/BAITEMJIA-Ponchos-Reusable-Waterproof-Rainwear/dp/B0D2XSLLP4,Avg. Customer Review
"FabSeasons Lightweight Waterproof Raincoat set of Top & Bottom for Men's, with hood & Reflector at back","1,199",4.8,8 ratings,https://m.media-amazon.com/images/I/61-lgnBs18L._SL1500_.jpg,https://www.amazon.in/FabSeasons-Lightweight-Waterproof-Raincoat-Reflector/dp/B09D41RB65,Avg. Customer Review
"ZEEL Rain Coat for Men Waterproof for Bike Riders with Adjustable Hood along with inner pockets,Waterproof Raincoat with Polyester Jacket,Pants and Waterproof Drawstring Bag,AZ05 Black-Blue L","1,849.",4.2,"6,880 ratings",https://m.media-amazon.com/images/I/51czD1yFNtL._SL1500_.jpg,https://www.amazon.in/ZEEL-Raincoat-Stylish-Waterproof-Carrying/dp/B08CPVL1KX,Avg. Customer Review
"ZEEL Men's Raincoat with Adjustable Hood, Stylish Jacket with Pockets, Waterproof Pant with Carrying Pouch | JS509_Series | |","1,849.",4.2,740 ratings,https://m.media-amazon.com/images/I/51oZ0tuBkcL._SL1500_.jpg,https://www.amazon.in/ZEEL-Raincoat-Adjustable-Waterproof-Carrying/dp/B095KNYFX9,Avg. Customer Review
THE CLOWNFISH Women Polyester Standard Length Rain Coat Rain Coat Long Coat Raincoat For Ladies Waterproof Reversible Double Layer. Aquashield Series,659,4.2,724 ratings,https://m.media-amazon.com/images/I/61Iz7dN0HbL._SL1500_.jpg,https://www.amazon.in/CLOWNFISH-Raincoats-Raincoat-Waterproof-Reversible/dp/B0BZ88TQYY,Avg. Customer Review
"ZEEL Rain Coat for Men Waterproof for Bike Riders with Adjustable Hood along with Reflective back, Waterproof Rainwear Suit with Polyester Jacket and Pants, AZ04",899.,4.2,453 ratings,https://m.media-amazon.com/images/I/410SA7xv35L._SX425_.jpg,https://www.amazon.in/Waterproof-Adjustable-Pocket-Polyester-Rainwear/dp/B0D4ZD4TYD,Avg. Customer Review
Duckback Solid Unisex Rain Coat,850,4.2,237 ratings,https://m.media-amazon.com/images/I/713QavBYsML._SL1500_.jpg,https://www.amazon.in/Duckback-Solid-Unisex-Rain-XX-Large/dp/B085DZNY63,Avg. Customer Review
"Goodluck 100% waterproof Raincoat Big Size/Rainsuit/Rainwear for mens, sturdy, reusable, suited for plus size","1,899",4.6,11 ratings,https://m.media-amazon.com/images/I/71X0U6+mIrL._SL1500_.jpg,https://www.amazon.in/Goodluck-waterproof-Raincoat-Rainsuit-Rainwear/dp/B0F3CYF5HG,Avg. Customer Review
"HACER Ferrari Ladies Raincoat Poncho for Women Waterproof Full Length Rainwear with Hood and Pockets for Ladies Carry Bag Included- (Random Color, Size- 52, XXL)",429.,4.2,160 ratings,https://m.media-amazon.com/images/I/71JtPWGK5zL._SL1500_.jpg,https://www.amazon.in/HACER-Raincoat-Waterproof-Rainwear-Included/dp/B0CZS46NW4,Avg. Customer Review
"HACER Fantasy Raincoat with Pants for Men Waterproof Full Length Hood & Pockets Rainwear for Gents & Boys Carry Bag Included- (Navy Blue, Size- XXL, 1 Pc)",629.,4.2,98 ratings,https://m.media-amazon.com/images/I/71cm1t7rHVL._SL1500_.jpg,https://www.amazon.in/HACER-Raincoat-Waterproof-Rainwear-Included/dp/B0D1GG7D75,Avg. Customer Review
"PALAY® Raincoat for Kids Boys Girls with Hood, Polyester Rain Ponchos with Pockets and School Bag Coverage, Raincoat for 3-7 Years Old Kids",499,4.2,81 ratings,https://m.media-amazon.com/images/I/51+Nxb5t-nL._SL1024_.jpg,https://www.amazon.in/Raincoat-Polyester-Ponchos-Pockets-Coverage/dp/B0B4QQXFVT,Avg. Customer Review
"HACER EVA Raincoats Transparent Reusable Water Resistant with Hood and Sleeves for Women Men Camping Rainy Season Travel (X-Large, Pink)",559.,4.2,65 ratings,https://m.media-amazon.com/images/I/714QgXS12BL._SL1500_.jpg,https://www.amazon.in/HACER-Raincoats-Transparent-Reusable-Resistant/dp/B0C589KJFP,Avg. Customer Review
KOLAR Men's Waterproof Rain Suit with Jacket and Pant with hood and inside pocket,899,4.2,55 ratings,https://m.media-amazon.com/images/I/71Pgwu8lJuL._SL1500_.jpg,https://www.amazon.in/KOLAR-Reversible-WaterProof-Crafted-Material/dp/B0D8XS3P35,Avg. Customer Review
"Citizen Polyester Reversible Casual Style Raincoat For Women With Inbuilt Hood,Waist Belt & Matching Carry Pouch|Stylish Polka Dot Design|Durable & Lightweight Rainsuit With High Tearing Strength",800,4.3,24 ratings,https://m.media-amazon.com/images/I/614UHnf26gL._SL1467_.jpg,https://www.amazon.in/Citizen-Reversible-Raincoat-Matching-Lightweight/dp/B0CPSJK125,Avg. Customer Review
linenaffairs Raincoat 100% for Men Waterproof for Bike Riders with Adjustable Hood Along with Inner Pockets,599,5.0,5 ratings,https://m.media-amazon.com/images/I/31t3tewVneS.jpg,https://www.amazon.in/Raincoat-Waterproof-Adjustable-Fighter-Rain-Carrying/dp/B0991VCCZN,Avg. Customer Review
HALLUCINATION Raincoat for Women Girls Full Length Waterproof High Neck Hoody with Double Button Plus Zipper Closure Soft PVC White Semi Transparent,999,4.6,9 ratings,https://m.media-amazon.com/images/I/519ZCj-2abL._SL1280_.jpg,https://www.amazon.in/Hallucination-Raincoat-Waterproof-Closure-Transparent/dp/B0CBLT4HN4,Avg. Customer Review
"ZEEL Rain Coat for Men Waterproof for Bike Riders with Adjustable Hood along with inner pockets,Waterproof Rainwear Suit with Polyester Jacket, Pants and Carrying Pouch,JS301","1,599",4.1,"3,667 ratings",https://m.media-amazon.com/images/I/51p1c5OajBL._SL1500_.jpg,https://www.amazon.in/ZEEL-Adjustable-Reversible-Waterproof-Black-Lime/dp/B0891LWFFC,Avg. Customer Review
THE CLOWNFISH Women Poly Silk Waterproof Self Design Knee Length Longcoat/Raincoat With Adjustable Hood,939,4.1,"2,148 ratings",https://m.media-amazon.com/images/I/71wEKmlipzL._SL1500_.jpg,https://www.amazon.in/Clownfish-Raincoats-Raincoat-Waterproof-Reversible/dp/B09XB7RDFR,Avg. Customer Review
"ZEEL Rain Coat for Women Waterproof High Neck Polyester Rainwear with Adjustable Drawstring and Pocket, Hooded Long Rain Coat Jacket with Belt,DIVA","1,299",4.1,989 ratings,https://m.media-amazon.com/images/I/51ST6lpgD8L._SL1100_.jpg,https://www.amazon.in/ZEEL-Ladies-Solid-Raincoat-Purple/dp/B095HTH1S4,Avg. Customer Review
"GUKOY Rain Ponchos Raincoats for Adults Reusable, 2 Pcs Raincoats Ponchos Emergency for Women Men with Hood and Drawstring","1,694.",4.1,288 ratings,https://m.media-amazon.com/images/I/61Ouq2TFfIL._SL1500_.jpg,https://www.amazon.in/Raincoat-Ponchos-Reusable-Portable-Average/dp/B09WVMB6C9,Avg. Customer Review
"THE CLOWNFISH Polyester Rain Coat For Men Waterproof With Pants Reversible Double Layer Rain Coat,Bike Rain Suit Rain Standard Length Jacket Suit Inner Mobile Pocket With Storage Bag(Brown Xxl)",819,4.1,268 ratings,https://m.media-amazon.com/images/I/51i9avMn87S._SL1100_.jpg,https://www.amazon.in/CLOWNFISH-Reversible-Polyester-Waterproof-Travelling/dp/B089CJ16RC,Avg. Customer Review
"WKLOUYHE Women's Long Waterproof Raincoat With Hood, And Carrying Pouch For Ladies_Pack of 01",699,4.7,7 ratings,https://m.media-amazon.com/images/I/71WgAzsDaUL._SL1500_.jpg,https://www.amazon.in/WKLOUYHE-Waterproof-Raincoat-Carrying-Ladies_Pack/dp/B0D291LQLV,Avg. Customer Review
"Opret Portable EVA Raincoats for Adults, Reusable Rain Ponchos with Hoods and Sleeves Lightweight Raincoats, 2 Pack, Blue",778,4.1,221 ratings,https://m.media-amazon.com/images/I/610j2efFk4L._SL1500_.jpg,https://www.amazon.in/Opret-Portable-Raincoats-Reusable-Lightweight/dp/B074C3HBKL,Avg. Customer Review
"YOUTH ROBE - Premium Brand Women’s Long Waterproof Rain Coat – Lightweight Hooded Trench Jacket for Outdoor, Travel & Everyday Wear with Storage Bag",999,4.1,195 ratings,https://m.media-amazon.com/images/I/41eYMcjoj9L._SX425_.jpg,https://www.amazon.in/YOUTH-ROBE-Waterproof-Lightweight-Everyday/dp/B0DXQ1VGK8,Avg. Customer Review
CAMISON Fantastic Mens Raincoat,999,4.5,10 ratings,https://m.media-amazon.com/images/I/419G-wws25L._SX522_.jpg,https://www.amazon.in/CAMISON-Fantastic-Raincoat-Prestigious-Black/dp/B0D8W5GDXQ,Avg. Customer Review
"Super Women's Reversible Long Waterproof Raincoat With Hood, Belt And Carrying Pouch For Ladies (NL 222)","1,100",4.1,149 ratings,https://m.media-amazon.com/images/I/81sfuRMp02L._SL1500_.jpg,https://www.amazon.in/Super-Reversible-Waterproof-Raincoat-NL/dp/B0C43M4L32,Avg. Customer Review
"HSR Raincoat 100% Waterproof Polyester Double Layer Standard Length Rain Coat For Men Bike with Pants, Adjustable Hood",899,4.1,132 ratings,https://m.media-amazon.com/images/I/61MlxoGyvOL._SL1500_.jpg,https://www.amazon.in/HSR-Raincoat-Waterproof-Polyester-Adjustable/dp/B0D5QD1VH3,Avg. Customer Review
"Cosowe Rain Poncho Raincoat for Men and Women, Pack of 2 Rain Clothing, Rain Cape, Rain Jacket, Waterproof for Disney, Hiking, Cycling, Camping and Travel",778,4.1,126 ratings,https://m.media-amazon.com/images/I/51lfcxJXAqL._SL1000_.jpg,https://www.amazon.in/Cosowe-Raincoat-Clothing-Waterproof-Cycling/dp/B083K4FY5N,Avg. Customer Review
THE CLOWNFISH Men's Waterproof Polyester Double Standard Length Coating Reversible RainStandard Length Coat With Hood. Set Of Top And Bottom. Printed Plastic Pouch With Rope,"1,829",4.1,117 ratings,https://m.media-amazon.com/images/I/61qDWhJu8AL._SL1500_.jpg,https://www.amazon.in/Clownfish-Waterproof-Polyester-Reversible-Reflector/dp/B09VP56S67,Avg. Customer Review
"YOUTH ROBE Women’s Waterproof Rain Suit – Lightweight Hooded Rain Coat & Pants Set, Windproof Outdoor Jacket for Hiking, Travel & Work with Storage Bag",999,4.0,18 ratings,https://m.media-amazon.com/images/I/41QXAsCFksL._SX425_.jpg,https://www.amazon.in/YOUTH-ROBE-Womens-Waterproof-Rain/dp/B0DXQC8PMP,Avg. Customer Review
"FabSeasons Lightweight Waterproof Raincoat set of Top & Bottom for Men's, with hood & Reflector at back","1,649",4.1,57 ratings,https://m.media-amazon.com/images/I/61NgYTFGS7L._SL1500_.jpg,https://www.amazon.in/FabSeasons-Premium-Waterproof-raincoat-adjustable/dp/B09DQ3YK49,Avg. Customer Review
VROJASS Rain Coat for Men 100% Waterproof Polyester Top for Rainy Season Pack of 1(VRORLC-OL-L),729,4.6,7 ratings,https://m.media-amazon.com/images/I/71opTbE4z2L._SL1500_.jpg,https://www.amazon.in/VROJASS-Waterproof-Polyester-Rainy-Season/dp/B0C81VDWMQ,Avg. Customer Review
"Bloomingdale Rain Coat For Men & Women Universal Raincoat For Men Waterproof Full Raincoat For Women, Boys & Girls raincoats for men Hooded Rainwear for Men Rain Coat For Women Rainwear Nimbus - White",229.,3.8,"1,538 ratings",https://m.media-amazon.com/images/I/51gTPX2v3wL._SL1057_.jpg,https://www.amazon.in/Bloomingdale-Universal-Raincoat-Waterproof-raincoats/dp/B0D8B65NGV,Best Seller
MeeTo RAIN CARD,189,2.0,94 ratings,https://m.media-amazon.com/images/I/41krMbLCp+L._SY500_.jpg,https://www.amazon.in/MeeTo-Disposable-Reusable-Waterproof-Emergency/dp/B0C9CGH2XQ,Best Seller
Robustt Unisex Raincoat With Hood - Black (Pack of 1) | Waterproof Rain Poncho | EVA Material | Reusable | Lightweight | Universal Size | Raincoat for Men and Women,221.,4.0,245 ratings,https://m.media-amazon.com/images/I/71EmkJZjnTL._SL1500_.jpg,https://www.amazon.in/Robustt-Unisex-Raincoat-Hood-Lightweight/dp/B0CYSVVP48,Best Seller
"HACER EVA Waterproof Unisex Rain Coat Hooded Full Sleeves Outdoor Men, Women, Boys & Girls Rainwear Poncho Raincoat for Camping, Hiking & Travelling (Sky Blue)",179.,3.3,"2,095 ratings",https://m.media-amazon.com/images/I/81U998P7FnL._SL1500_.jpg,https://www.amazon.in/HACER-Waterproof-Universal-Resistant-Portable/dp/B0C6QTFZ2C,Best Seller
"HACER Disposable Raincoat Poncho with Hood Water Resistant Rainwear Barsaati for Outdoor Travel Men Women (Blue, Pack of 1)",75,2.7,532 ratings,https://m.media-amazon.com/images/I/81YFjqhgkmL._SL1500_.jpg,https://www.amazon.in/HACER-Raincoat-Resistant-Rainwear-Reusable/dp/B0CB4GXHGH,Best Seller
RAINBOW RAINCOATS Women's Raincoats Fabrics | Princess Women Coat (T) with 100% Waterproof Protection,899.,,,https://m.media-amazon.com/images/I/71tqQ2Tf2qL._SL1500_.jpg,https://www.amazon.in/RAINBOW-RAINCOATS-Raincoats-Waterproof-Protection/dp/B0D7VLJ8CZ,Best Seller
"Amazon Brand - Symactive Pvc Transparent Water-Resistant Reusable Knee-Long Poncho Rainwear/Raincoat|Heat Sealed Pvc Shell|High Neck Hood|Unisex (Free Size, Pack Of 1)",129.,3.7,176 ratings,https://m.media-amazon.com/images/I/61d7NEDOkIL._SL1500_.jpg,https://www.amazon.in/Amazon-Brand-Symactive-Transparent-Water-Resistant/dp/B0CXDZ16TW,Best Seller
RainCoat for Men Waterproof Raincoat with Pants Polyester RainCoat For Men Bike RainSuit RainJacket Suit Mobile Pocket with Storage Bag,499,5.0,1 rating,https://m.media-amazon.com/images/I/51PX2fspEVL._SX522_.jpg,https://www.amazon.in/RainCoat-Waterproof-Raincoat-Polyester-RainJacket/dp/B0F38BDFQJ,Best Seller
Scholazs Pocket Size Disposable Raincoat for Men and Women for Travel Use | Easy to Carry Rain Card | Pocket Emergency Waterproof Rain Poncho | Rain Card Multicolour,208,3.9,4 ratings,https://m.media-amazon.com/images/I/41IojAGSo3L._SY500_.jpg,https://www.amazon.in/Scholazs-Disposable-Emergency-Waterproof-Multicolour/dp/B0F5KSGKZ1,Best Seller
RAINBOW RAINCOATS Women's Raincoats Fabrics | Flora Print R/S Coat with 100% Waterproof Protection,"1,209",,,https://m.media-amazon.com/images/I/8114dcr-0dL._SL1500_.jpg,https://www.amazon.in/RAINBOW-RAINCOATS-Raincoats-Waterproof-Protection/dp/B0D7VP7N52,Best Seller
"HACER Disposable Raincoat Poncho with Hood Raingear Travel Rainsuit Barsaati Water Resistant Rainwear for Men Women (Random, Pack of 3)",149.,2.9,174 ratings,https://m.media-amazon.com/images/I/81qsvF0MD8L._SL1500_.jpg,https://www.amazon.in/HACER-Raincoat-Raingear-Rainsuit-Resistant/dp/B0CC5498P9,Best Seller
"Allextreme Poncho Raincoat with Hood Water Resistant Rain Protection Rainsuit Reusable Raingear for Outdoor Traveling (Random Color, Pack of 3)",185.,2.7,313 ratings,https://m.media-amazon.com/images/I/81qsvF0MD8L._SL1500_.jpg,https://www.amazon.in/Allextreme-Raincoat-Resistant-Protection-Traveling/dp/B0CC5B7KG9,Best Seller
CAMISON Men's Attractive Waterproof Raincoat,949,4.3,8 ratings,https://m.media-amazon.com/images/I/41lsHWfMkIL._SX466_.jpg,https://www.amazon.in/CAMISON-Attractive-Waterproof-Raincoat-pristine/dp/B0DX2DKP9F,Best Seller
RAINBOW RAINCOATS Men's Raincoats Fabrics | Diplomat Safari with 100% Waterproof Protection,639.,4.1,2 ratings,https://m.media-amazon.com/images/I/61YIx+2ZDHL._SL1500_.jpg,https://www.amazon.in/RAINBOW-RAINCOATS-Raincoats-Waterproof-Protection/dp/B0D7VLT8ZB,Best Seller
"Allextreme Kinder Universal Raincoat Water Resistant Rainsuit with Adjustable Hood Drawstring Hem Set of Top & Bottom with Carrying Pouch (White, XXL)",313,3.0,473 ratings,https://m.media-amazon.com/images/I/616JuGxsVFL._SL1500_.jpg,https://www.amazon.in/AllExtreme-Universal-Resistant-Adjustable-Drawstring/dp/B0BYNDC8P8,Best Seller
"Allextreme EVA Waterproof Rain Coat Hooded Outdoor Water Resistant Suit Portable Men and Women (1 Pc, Olive Green)",199.,3.2,"1,095 ratings",https://m.media-amazon.com/images/I/61uCV8dbxvL._SL1500_.jpg,https://www.amazon.in/Allextreme-Waterproof-Outdoor-Resistant-Portable/dp/B0D2TQZNLC,Best Seller
Pivalo EVA Waterproof Rain Coat Hooded Universal,189,3.5,431 ratings,https://m.media-amazon.com/images/I/6152bMx2TuL._SL1500_.jpg,https://www.amazon.in/Pivalo-Waterproof-Universal-Resistant-Portable/dp/B0D47LJPVP,Best Seller
Malkoha Unisex 2-in-1 UFO Raincoat Hat Umbrella Handsfree,349,5.0,2 ratings,https://m.media-amazon.com/images/I/31kcTlAqSmL.jpg,https://www.amazon.in/Malkoha-Unisex-Raincoat-Umbrella-Handsfree/dp/B08M46G9G2,Best Seller
"ZEEL Rain Coat for Men Waterproof for Bike Riders with Adjustable Hood along with inner pockets,Waterproof Raincoat with Polyester Jacket,Pants and Waterproof Drawstring Bag,AZ05 Black-Green XXL","1,849.",4.2,"6,880 ratings",https://m.media-amazon.com/images/I/61zk2l8b8TS._SL1500_.jpg,https://www.amazon.in/ZEEL-Sealed-Raincoat-Waterproof-Carrying/dp/B08946SMWF,Best Seller
"Lyrovo Unisex Outdoor Rain Poncho for Adult,Multi Use, Waterproof, Lightweight, Reusable & Packable, One Size Fits Most",499,5.0,4 ratings,https://m.media-amazon.com/images/I/41DgYr9vZeL._SX425_.jpg,https://www.amazon.in/Lyrovo-Waterproof-Lightweight-Reusable-Packable/dp/B0F4N4P5GB,Best Seller
"HACER Disposable Raincoat Poncho with Hood Water Resistant Rainwear Barsaati for Outdoor Travel Men Women (Red, Pack of 1)",69,2.6,376 ratings,https://m.media-amazon.com/images/I/81tVVP2tyTL._SL1500_.jpg,https://www.amazon.in/HACER-Raincoat-Resistant-Rainwear-Reusable/dp/B0CB6QV5CM,Best Seller
Robustt Unisex Raincoat With Hood - Purple (Pack of 1) | Waterproof Rain Poncho | EVA Material | Reusable | Lightweight | Universal Size | Raincoat for Men and Women,221.,3.8,75 ratings,https://m.media-amazon.com/images/I/71mOP8suSbL._SL1500_.jpg,https://www.amazon.in/Robustt-Unisex-Raincoat-Hood-Lightweight/dp/B0CYSXFWGS,Best Seller
LUICY Waterproof Hands-Free Umbrella Rain Hat Headwear Cap Raincoat Outdoor Fishing Golf Child Adult Student Rain Coat Cover Umbrellas Yellow,448,3.6,31 ratings,https://m.media-amazon.com/images/I/51-tDTlVQ6L._SL1100_.jpg,https://www.amazon.in/LUICY-Waterproof-Hands-Free-Umbrella-Umbrellas/dp/B08YYWQ362,Best Seller
HACER EVA Poncho Raincoat Transparent Hooded Water Resistant Rain Jacket with Sleeves for Women Men Camping Rainy Season Travel - White,219.,3.8,218 ratings,https://m.media-amazon.com/images/I/61d4mVxoi+L._SL1500_.jpg,https://www.amazon.in/HACER-Raincoat-Transparent-Resistant-Sleeves/dp/B0CMMDXYBT,Best Seller
Robustt Unisex Raincoat with Hood - Dark Grey (Pack of 1) | Waterproof Rain Poncho | EVA Material | Reusable | Lightweight | Fashionable | Universal Size | Raincoat for Men and Women,399.,3.6,37 ratings,https://m.media-amazon.com/images/I/71eBBjesoqL._SL1500_.jpg,https://www.amazon.in/Robustt-Unisex-Raincoat-Hood-Lightweight/dp/B0D8PY29SK,Best Seller
CAMISON Men's Raincoat Waterproof for Bike Reversible Double Layer with Hood Raincoat for Men. Set of Top and Bottom Packed in a Storage Bag,949,4.0,216 ratings,https://m.media-amazon.com/images/I/41lsHWfMkIL._SX466_.jpg,https://www.amazon.in/CAMISON-Raincoat-Waterproof-Reversible-Polyester/dp/B0DG92FXKY,Best Seller
Premium Waterproof Large Backpack Laptop bag Dust Proof Black Standard Pouch Dustproof Rain Cover Elastic School College Office Trekking Bags luggage free size plastic water weather raincoat,279,,,https://m.media-amazon.com/images/I/319RHHjw26L._SX522_.jpg,https://www.amazon.in/Waterproof-Backpack-Standard-Dustproof-Trekking/dp/B0D9LY77ML,Best Seller
HASHFLOW Unisex Disposable Rain Card for Emergency Use | Waterproof Rain with Smallest Pocket Size| Easy to Carry & Use and Reusable | 2 to 3 time wear Thin Plastic,299,3.2,94 ratings,https://m.media-amazon.com/images/I/51x-k+KOrKL._SL1377_.jpg,https://www.amazon.in/HASHFLOW-Disposable-Emergency-Waterproof-Plastic-Pack/dp/B0C89BFL3W,Best Seller
Robustt Unisex Raincoat With Hood - Transparent (Pack of 1) | Waterproof Rain Poncho | EVA Material | Reusable | Lightweight | Fashionable | Universal Size | Raincoat for Men and Women,221.,3.5,109 ratings,https://m.media-amazon.com/images/I/71XShRX1Z2L._SL1500_.jpg,https://www.amazon.in/Robustt-Unisex-Raincoat-Hood-Transparent/dp/B0CYSYG773,Best Seller
"VKG Lightweight Waterproof Raincoat set of Top & Bottom for Women, with hood",449,,,https://m.media-amazon.com/images/I/41oGg+L2uDL._SX522_.jpg,https://www.amazon.in/VKG-Lightweight-Waterproof-Raincoat-Bottom/dp/B0DZXRW8LY,Best Seller
"ZEEL Waterfighter Rain Coat for Men with Adjustable Hood and Pocket,Waterproof Rainwear Suitfor Bike Riders with Polyester Jacket,Pants and Carrying Pouch,AZ07","1,599.",4.0,"3,336 ratings",https://m.media-amazon.com/images/I/51mIwWJHVkL._SL1500_.jpg,https://www.amazon.in/ZEEL-Raincoat-Waterproof-Carrying-Black-RED/dp/B08946N994,Best Seller
"THE CLOWNFISH Men's Polyester Waterproof Standard Length Raincoat Double Coating Reversible Rain Suit With Hood & Inner Mobile Pocket, Set Of Top And Bottom.",799,3.9,"10,613 ratings",https://m.media-amazon.com/images/I/51PlHNm6DpL._SL1200_.jpg,https://www.amazon.in/Clownfish-Waterproof-Raincoat-Polyester-Reversible/dp/B09Q16LTJZ,Best Seller
Mototrance Raincoat Compatible with Bags/Laptop Bag,148.,3.6,75 ratings,https://m.media-amazon.com/images/I/61kR-mCOP2L._SL1500_.jpg,https://www.amazon.in/Mototrance-Raincoat-Bags-Laptop-Bag/dp/B01I550BHS,Best Seller
"Citizen Polyester Spiderman Reversible Raincoat For Men With Waterproof Pant, Inbuilt Hood & Carry Bag | Durable & Lightweight Standard Length Rainsuit",843,3.9,364 ratings,https://m.media-amazon.com/images/I/61YwsNqG-pL._SL1440_.jpg,https://www.amazon.in/Citizen-Spiderman-Reversible-Waterproof-Lightweight/dp/B0CNXT32YD,Best Seller
Pivalo EVA Poncho Raincoat Transparent Hooded Water Resistant Rain Jacket with Sleeves for Women Men Camping Rainy Season Travel - Blue,229.,3.4,141 ratings,https://m.media-amazon.com/images/I/51vE3Ae8TfL._SY355_.jpg,https://www.amazon.in/Pivalo-Raincoat-Transparent-Resistant-Sleeves/dp/B0D47M9B5V,Best Seller
Boldfit Rain Cover for Backpack Travel Essentials Rain Cover for Bag Backpack Rain Cover Travel Accessories Bag Rain Cover Waterproof Dustproof for All Bag Sizes Upto 45Ltrs Rain Cover Bag Black,149.,4.0,983 ratings,https://m.media-amazon.com/images/I/51bRzxZo3wL._SL1500_.jpg,https://www.amazon.in/Boldfit-Essentials-Accessories-Waterproof-Dustproof/dp/B0D1CNN4MG,Best Seller
"Amazon Brand - Solimo Men Polyester Water Resistant Long Rain Coat (Blue, 2XL)",619.,3.8,"3,560 ratings",https://m.media-amazon.com/images/I/610E-6wbMNL._SL1500_.jpg,https://www.amazon.in/Amazon-Brand-Solimo-Resistant-Polyester/dp/B07NRMNSJG,Best Seller
"Krystle Polyester Blend Standard Length Dino Astronaut Bunny Print Kid's Waterproof Raincoat Rain Jacket Suit With Hood School Boy's And Girls (Universal, Blue) (Multisize)",474,,,https://m.media-amazon.com/images/I/51v+oRRp59L._SX522_.jpg,https://www.amazon.in/Krystle-Polyester-Astronaut-Waterproof-Universal/dp/B0DYY3B68C,Best Seller
Pivalo EVA Poncho Raincoat Transparent Hooded Water Resistant Rain Jacket with Sleeves for Women Men Camping Rainy Season Travel - White,199.,3.9,108 ratings,https://m.media-amazon.com/images/I/61jQT5dAsbL._SL1500_.jpg,https://www.amazon.in/Pivalo-Raincoat-Transparent-Resistant-Sleeves/dp/B0D47N9N9F,Best Seller
"Rocksport Unisex Outdoor Rain Poncho for Adult,Multi Use, Waterproof, Lightweight, Reusable & Packable, One Size Fits Most",724.,4.0,"1,332 ratings",https://m.media-amazon.com/images/I/6194cnlK2DL._SL1500_.jpg,https://www.amazon.in/Adventure-Gears-Poncho-Rain-Wear/dp/B01FO84FPI,Best Seller
"SHV Bottle Umbrella + (FREE Raincoat) Windproof Double Layer Umbrella with Bottle Cover for UV Protection & Rain, For Men, Women, and Kids.(pack of 1) (FREE 1 FULL SIZE UNISEX RAINCOAT) (MULTI COLOR)",569,,,https://m.media-amazon.com/images/I/71gk63DT6IL._SL1500_.jpg,https://www.amazon.in/Umbrella-Raincoat-Windproof-Protection-RAINCOAT/dp/B0D81CZLQG,Best Seller
"Allextreme Kinder Men & Women Raincoat with Adjustable Hood, Water Resistant Reusable Rainwear, Drawstring Hem Set of Top & Bottom with Carrying Pouch (XXL, Blue)",313.,2.9,590 ratings,https://m.media-amazon.com/images/I/71St82dQcHL._SL1500_.jpg,https://www.amazon.in/Allextreme-Raincoat-Adjustable-Resistant-Drawstring/dp/B0BYNF4QVF,Best Seller
"Allextreme EXRS02A Women EVA Transparent Rain Coat Hooded Outdoor Water Resistant Portable Raincoat Suit (Universal Size, Random Colors)",249.,3.4,"2,763 ratings",https://m.media-amazon.com/images/I/61dTQ-9aQpL._SL1500_.jpg,https://www.amazon.in/Allextreme-Unisexs-rain-Coat-EXRS02A_Transparent_Women/dp/B07SZDQQSJ,Best Seller
"ZEEL Rain Coat for Men Waterproof for Bike Riders with Adjustable Hood along with inner pockets,Waterproof Double Layered Rainwear Suit with Polyester Jacket,Pants and Carrying Pouch,ZT5","1,999",3.7,"2,036 ratings",https://m.media-amazon.com/images/I/516n50yC6UL._SL1500_.jpg,https://www.amazon.in/ZEEL-Waterproof-Resistant-Polyester-Adjustable/dp/B0922HPMJ5,Best Seller
THE CLOWNFISH Polyester Combo Of Standard Length Rain Coat For Men Waterproof Polyester (Grey 2Xl) Umbrella 3 Fold Waterproof Pongee (Checks Design- Dark Pink),"1,898",,,https://m.media-amazon.com/images/I/61S6ndg-B4L._SL1500_.jpg,https://www.amazon.in/Clownfish-Waterproof-Polyester-Umbrella-Design/dp/B0B24QZ9RK,Best Seller
PS SHEVIN Waterproof Raincoat for Men Heavy Duty | Polyester Long Length Water Resistant Rain Coat for Bike I Rainsuit with Hood (Black) (XXL)_XXLGDH1_ZS12,385,3.7,36 ratings,https://m.media-amazon.com/images/I/51Slu+renbL._SL1024_.jpg,https://www.amazon.in/Waterproof-Raincoat-Resistant-Rainsuit-AN2478/dp/B09M2XGBJZ,Best Seller
Robustt Unisex Raincoat With Hood - Blue (Pack of 1) | Waterproof Rain Poncho | EVA Material | Reusable | Lightweight | Universal Size | Raincoat for Men and Women,221.,4.0,182 ratings,https://m.media-amazon.com/images/I/71Td3pLxF9L._SL1500_.jpg,https://www.amazon.in/Robustt-Unisex-Raincoat-Hood-Lightweight/dp/B0CYSTRHNS,Best Seller
"HACER Aura Safari Raincoat with Pants for Men Waterproof Full Length Hood & Pockets Unisex Rainwear Carry Bag Included- (Random Color, Size- XXL, 1 Pc)",513.,4.2,98 ratings,https://m.media-amazon.com/images/I/71pWiCXi7zL._SL1500_.jpg,https://www.amazon.in/HACER-Raincoat-Waterproof-Rainwear-Included/dp/B0D3LT1QZC,Best Seller
